Artist,Title
NewJeans,Ditto
Kep1er,Back to the City
STAYC,ASAP
Aespa,Black Mamba
Aespa,Drama
Aespa,Illusion
Aespa,Spicy
Aespa,Next Level
AOA,Miniskirt
Day6,Congratulations
Exo,Love Me Right
GFriend,Rough
Ive,Baddie
Mamamoo,Wanna Be Myself
NewJeans,Super Shy
NewJeans,OMG
STAYC,So Bad
Twice,Talk that Talk
Twice,CRY FOR ME
Twice,I CANâ€™T STOP ME
Twice,FANCY
Twice,Feel Special
TWICE,SCIENTIST
TWICE,The Feels
Twice,Heart Shaker
Twice,Moonlight Sunrise
Twice,More & More
Twice,Cheer Up
Twice,Set Me Free
Twice,Like OOH-AHH
Twice,Alcohol-Free
Twice,TT
Twice,Knock Knock
Twice,Likey
Twice,What is Love?
Twice,YES or YES
Day6,Time of Our Life
Taeyeon,To. X
Viviz,Maniac
Riize,Get A Guitar
Mamamoo,You're the Best
Mamamoo,Mr. Ambiguous
Fromis 9,DM
XG,Left Right
EXO-M,Mama
EXO-M,History
EXO-M,Monster
Riize,Love 119
Kiss of Life,Midas Touch
Home,Seventeen
